Transaction ID,Timestamp,Amount (USD),Merchant,Location,Is Fraud
00b226c6-408e-4e61-87ab-b3e36097234f,2022-12-03 05:37:04,8105.706085370242,Medina PLC,Freemanchester,True
217dc884-8f0e-4c3b-b48d-4181e414e365,2023-03-15 14:38:59,5679.668615751907,Estrada-Roberts,West Kevinfurt,False
ffc30378-3f4a-4cdf-a2e5-6ab915790976,2024-04-08 05:03:11,8668.981575120113,"Shaw, Aguilar and Miller",Port Jenniferland,False
fd869a59-e5cc-4bea-8045-b1c5d15e3e16,2023-04-15 02:04:02,1816.6105337011027,Mccoy Inc,Rebeccaburgh,False
4997b9c8-fe47-4d1d-8b1d-3d870b748758,2023-12-31 23:43:03,2953.9468538906544,"James, Terry and Miranda",Lake David,False
8177e643-9a23-4257-b6e7-4ba1982cf95c,2023-06-14 22:47:12,8593.942947957905,"Jacobs, Taylor and Simpson",South Marcusborough,True
62817ca2-0e11-44e6-a1d5-55f6ae9448e0,2024-01-30 11:24:32,3804.403708055808,Tran Group,Wardville,False
8c9e7f9a-1eca-4a4c-9fbd-41dc34468cf7,2024-08-24 10:37:21,5374.864949323692,Sherman-Pham,New Anneborough,True
807e73ed-95d5-4c03-9766-52851b08d20e,2023-07-27 18:15:35,603.6222395609857,Griffin-Flores,North Daniel,True
8ee6e361-7ad4-4269-852a-8896848d3486,2023-06-13 17:32:48,4506.184046359894,"Paul, Miller and Jones",Perezfurt,True
b80f764b-208b-4756-9781-4667ee3449dd,2023-07-06 02:25:57,1918.8915536181996,"Davidson, Esparza and Charles",Jenniferchester,True
b9091087-c0ea-4e92-8743-172d68053065,2023-04-24 14:07:56,417.375200825499,Cole PLC,Trevinotown,True
ee2d7067-46bd-46a5-a0ee-35b11123920f,2023-09-16 10:47:23,9568.012433098875,"Brooks, Ayala and Henderson",Orozcostad,True
851aaf37-6559-4055-bada-df21ce0d9dd6,2024-02-21 03:41:15,9752.50012090083,Melendez Group,Coxmouth,True
2465553a-15fc-4f4c-80ea-f092ad15426e,2024-11-07 18:31:42,3564.783144554539,Stephenson PLC,Perezview,True
39854d48-aa87-4817-b25f-44e1fc57be16,2024-11-12 15:03:22,4137.219393981313,"Harrison, Stevens and Campbell",West Veronicaton,True
92870f40-b688-41aa-9efd-55504fec6d47,2024-05-06 12:31:06,324.624480941106,Jones-Silva,Dudleystad,False
5aa62ee2-5164-4e25-98fc-4d26c7e1ed32,2023-07-06 00:53:03,608.8516598343584,Taylor-Tucker,Johnsonhaven,False
17e92a5e-40da-4830-80dc-1e0bbfdf8a07,2024-06-25 07:22:42,3260.476062146161,Mcmahon Ltd,Port Cody,True
e218986d-1277-4677-b1f2-5916f952bfe1,2023-12-10 13:31:51,8600.534013830014,Harmon-Brown,South Ashleyton,False
36c0cf75-5478-45db-8d70-366bc9323938,2023-09-27 12:13:34,6959.440010972919,Williams-Zuniga,Stricklandtown,True
a6729103-45d2-4e50-b26d-27d758cb4a6f,2024-11-10 02:20:50,7960.337463188357,Espinoza and Sons,Annamouth,False
3b84bfa8-9869-4f25-b1e8-45c51e0fec91,2024-03-24 19:50:54,4916.839775855981,Mills Group,Graceside,True
03102ce9-f75f-470f-ac23-59f961dcc738,2023-05-23 00:55:05,4037.048112453442,Marks Ltd,Morantown,True
97c1ecf2-39b9-4bfb-8390-0251769842aa,2024-02-12 18:32:43,7607.034170493827,Burns-Morris,New Jocelyn,False
940be589-5112-48d5-a192-1ec844cf2465,2023-09-02 06:40:18,6189.312172265687,Warren Ltd,New Jessica,True
711abf54-407f-4767-8a90-8574040692b7,2023-10-09 07:19:42,3582.681806971289,Garza-Kemp,Lesliebury,True
b9cb1f20-21cd-49b0-8261-9b9ef0c8097d,2023-11-28 20:19:54,3881.598623607544,Vaughn Ltd,East Tracey,True
10cfeb64-c9cf-4b6b-a261-1d0edddd9cdd,2024-01-26 15:13:40,6452.338840780264,Norris PLC,New Charlottebury,True
4f46fbc6-2eee-4aa8-8944-151aa0d3eff4,2024-02-09 22:35:45,5731.399560740199,"Chapman, Simmons and Strickland",Smithbury,True
42d03f40-a080-49c0-936f-e7237ed9b75a,2023-02-08 00:24:17,8319.788665268237,Carrillo and Sons,Port Elizabethview,False
24a0ea67-1b48-466e-a5d9-6c2e2ec3d580,2023-10-02 11:58:43,2768.94106516274,Webb-Williams,North Philip,True
a3ea67c5-42fa-42f2-a088-4281232bc099,2022-12-06 01:45:27,9550.986632916547,Burton Inc,Mikechester,True
599a3a02-32d9-4976-8cb9-97ca1f8d052e,2024-10-24 15:38:34,7802.970144191973,Wong Group,North Gregory,True
65d72c9f-2983-4ec2-be83-7d351746c770,2024-09-09 16:09:35,8220.15775998573,Caldwell Inc,Ramosburgh,False
3e0b6ca0-2e31-41b3-9dc9-9bbfe40ec504,2023-09-16 04:34:56,8681.96371838956,"Nelson, Gonzalez and Guerra",Allisonstad,False
1aa7f567-9aef-44f6-a36e-347a3fd748bb,2024-11-07 21:08:18,6745.9561271907605,"Phillips, Barber and Lawrence",Morganfurt,True
1a1a9906-2dd9-4ef8-be30-4e31a1094cde,2024-07-29 20:56:27,2320.7985368712416,Lopez Ltd,Hugheston,False
40617eea-13c3-4f7c-9147-292a19f19fba,2023-08-26 04:35:04,490.13135987703885,"Oconnor, Ward and Hart",Mathisbury,True
a5b724c4-c62e-4f9d-a282-026d27e23cc2,2023-02-25 10:02:33,2354.7964472373596,Schaefer LLC,Melanieland,False
08011d9c-1736-46c0-9176-562f97b050dd,2024-10-02 19:39:54,8216.811447924272,Schneider Inc,West Linda,True
3248065a-58a0-46b4-aea4-4108c45ef224,2023-06-23 20:20:51,5970.847686237963,Davis-Norton,Hannahfort,False
0c25526e-c452-4e13-ab1a-55b02521e158,2023-09-06 08:13:55,3450.8415450805273,Carrillo Group,Dominguezview,True
db2929d8-7f19-45e5-8f38-f408ed7e2893,2023-09-04 18:27:57,938.4260356357393,Lopez LLC,East Mary,False
55fb249e-cd0e-4d82-9231-a718ca274ab3,2023-09-07 02:40:18,6350.381331249763,Myers PLC,Nicholasbury,True
79be469b-e484-446c-935b-d8137e134e01,2023-09-12 23:25:42,1495.9355147526765,Dean Group,South Susan,False
6ce112e3-8166-4d0d-863f-ecfa8533aa82,2024-01-12 00:47:09,4025.305206151051,Hall-Landry,Robinsonshire,True
2c0766ce-464e-4b3b-b36f-c42874cafcbf,2024-09-12 08:02:04,8344.048747822324,"Davis, Perry and Ortiz",Port Nicole,False
a39dcd9a-82c4-409d-a68f-0e378e016798,2023-05-30 18:22:50,1552.7461267284684,"Hendricks, Schaefer and Dickerson",Jonesstad,False
b21b6206-2fbe-482c-b448-64c9b23a4250,2024-08-25 05:21:00,2968.5283549375113,Perkins and Sons,South Joanne,False
96248df1-ec22-4852-87d4-fb3fae256a6f,2023-01-20 05:58:13,2155.4853988327927,Sosa-Rollins,South Brittanyville,False
110a987c-bb10-448c-b41f-593f62944f5b,2023-09-28 07:40:00,2097.2585356295253,Dean Inc,Grantview,True
984a2fdd-4185-42e0-9b0a-e6ba4297caa5,2023-12-11 04:27:19,5594.176580894108,"Thomas, Walker and Johnson",Port Christopherville,False
db8dc3b2-f87f-40fc-b2dc-690f795a01bd,2024-07-25 16:41:39,8132.985991704212,Frye Group,Jeremyburgh,True
caa11367-eac3-4120-9910-452bfa63fd17,2024-01-19 00:50:01,5647.460410533498,Ellis-Hogan,South Seanton,False
817f0089-ca85-4a75-839b-0c5bc9d4ac1b,2023-04-05 19:14:01,9591.999621976602,Conner-Roberts,Port Anna,True
894d8171-b656-45ce-95fe-f4f3ceb929f1,2024-04-21 11:09:43,2231.907948105427,"Madden, Johnson and Nelson",Andersonmouth,True
3ed11d8a-524b-4101-b2df-ecc62ee45e5f,2023-07-01 18:34:54,8975.115445371819,"Woods, Dunn and Perry",Woodsberg,True
6302785d-4a1c-49b9-9793-bc9dcec4c948,2023-10-29 16:37:58,5639.272611363718,Martinez-Delgado,New Meganside,False
108208d0-008e-4655-9139-1b237c0d2893,2024-08-05 02:26:22,5757.319730200998,"Jones, Morrison and Williams",Lake Roger,True
9b0b332e-b879-4a11-a82a-d01680ffce77,2024-01-16 17:01:24,7362.2481028984785,"Hatfield, Morales and Price",East Laura,False
191d83d6-7d6c-4b2b-b242-aa11c0ff76bf,2023-07-28 14:21:35,7869.576595809601,Parker LLC,Jamesfort,True
74dc11fc-ac6d-4f29-9fc8-476c3c12cd19,2024-10-18 13:35:42,8789.713547079515,"Jackson, Neal and Jones",Williamston,False
7ea4527f-5936-4331-84ce-084500769128,2023-03-20 19:31:17,2076.5033066774877,Rosario-Long,Williamsonfurt,True
246bdc8e-a9c0-460f-bd21-9b731f497b9e,2024-05-12 19:19:21,7110.162367173836,Mills-Lopez,East Rayburgh,False
0e3cf04b-ea7e-4831-b131-70f33368f924,2024-10-16 13:29:16,8157.697782012776,"Newton, Contreras and Thompson",South Nancy,False
c6883433-00d7-448f-aba7-88cbc76dce03,2024-09-16 04:53:13,7948.072356036771,Dominguez Inc,Peterfurt,False
ca63d951-9987-4ff5-ad07-6927599f5938,2023-09-24 06:46:49,510.7234634358384,"Smith, White and Sanchez",New Cindyfurt,True
b24775fb-b002-45ff-a601-52cf260b4c83,2023-06-15 01:54:13,5470.191241928234,Norman-Washington,Henryborough,True
d5405808-b988-44c2-949c-eb62250d50a1,2022-11-28 03:31:08,8711.594160000755,"Harper, Tyler and Hays",North Robertborough,True
007c76f7-1b56-468d-ad47-05ddb7f2c1f8,2023-04-19 21:18:17,2980.269719823131,Jones Inc,Ericafort,True
f0dcc4b9-1414-4ffb-8e58-cf1450bd115a,2024-10-17 21:57:54,9232.224289388403,Ray-Leonard,Duncanport,True
c2ae8b07-df2e-4e7a-aaa8-b1ccdd987f4c,2024-08-11 13:27:07,6106.409306418869,Huffman PLC,Josephmouth,False
db7426c8-1bf8-4cef-988f-6a972d733fb9,2022-12-20 03:17:08,4777.2666074074605,Carr-Norris,New Natashaton,True
8e8cabde-f2c8-4745-aef9-1af070bccb51,2023-03-19 10:13:05,9875.375601397025,"Lopez, Hall and Parker",East Brendan,True
dbe9d3be-0d5f-4c14-812b-e52f91ee19fe,2023-05-06 06:27:29,3615.742747966973,Brewer-Kennedy,Kristenberg,True
0981753a-383a-4639-9169-bb63a4cd9519,2024-01-25 04:45:36,4966.303851582286,Garcia-Bentley,Johnport,False
53a3bf4d-a74a-44fb-bb24-4a4e6a28ff4f,2022-11-19 17:51:26,857.2219772024397,Moses-Medina,Rodneyburgh,False
12bb861d-dcfe-48f5-b896-ec6d90f499cf,2023-11-01 03:10:51,3855.736478860632,Mcdaniel Group,Hortonville,False
cf20c3d8-b560-4b6a-b5ad-ed30788643a7,2024-05-09 18:59:40,9588.452280940543,Thomas-Roy,Lake Haleyside,False
8f923791-2755-40bb-9f45-205068e2931c,2023-07-23 00:29:35,7934.757647547031,Steele-Adams,Moralesburgh,True
54d3fadc-72ba-4ae3-b00a-f218b1ec70f6,2023-07-05 05:43:11,559.1402008360554,Schmidt-Hodges,Lake Charles,True
260dbc1d-dfb2-439e-a9f1-3adb38412ece,2024-11-08 08:28:02,4928.651162660877,"Holland, Sanchez and Crosby",Williamston,False
e7522985-c4a6-45a4-a9f9-5ca8f20fc312,2024-07-10 19:05:50,2720.879226787088,"Matthews, Cunningham and Williams",New Matthewport,True
1492b5d4-a827-4315-88ef-b3e667af247a,2024-08-22 22:32:30,7821.012624652465,Craig-Haas,West Evanport,True
e78f13e7-edb3-46a4-b1f1-3ee7b401ec3f,2024-07-29 07:32:46,4312.598827681541,Thompson Ltd,East Jessica,True
ef91c298-1c46-4b0e-8878-2a3a5f8bd972,2023-01-07 21:06:29,2980.137382289181,Wilcox Inc,Suzannebury,False
0daf332c-8d95-4120-9f1e-8f91025cff87,2023-02-12 20:08:16,8097.123533834433,Kennedy and Sons,Lake Anna,True
bba4e2a1-9c17-4c23-b564-069b256112e8,2023-11-12 03:01:17,1006.8626757612116,Rowe-Patrick,New Mark,True
d806d4e5-13ec-428c-90db-633449145837,2024-07-18 20:17:47,3288.847699979072,Dorsey-Tanner,Port Brianville,False
68f05561-52a7-4124-b54f-d423afa07560,2023-03-26 04:10:17,4003.6444252841975,Lopez-Raymond,Thompsonfurt,True
6b7d47fd-8d84-4587-86f6-c7b53063bf01,2023-10-04 21:37:42,9531.319254796497,Chapman-Moran,Daniellestad,True
df6bb4d5-edb3-4249-b645-11e79eebe201,2024-11-13 09:05:47,6374.889685985558,Cohen-Gross,Stewarttown,True
0ed9d5bf-8ead-4a30-95ef-018beebc77c1,2024-01-25 01:21:12,8762.431908780618,Daniel-Gill,Jeannefurt,False
3c8b36db-bc53-4364-a586-a5c0fc70d7ed,2023-12-06 10:53:25,276.88387032116515,"Nelson, Walsh and Day",East Pamelafurt,True
ed23566b-84b9-4b0e-851a-3ad29bb7b159,2024-01-10 00:25:30,5259.872136798456,Woodard-Jenkins,Dunnport,True
9845e55d-a197-4895-bc10-ddd63a304fd6,2024-02-18 08:39:27,9035.929558382495,Torres Ltd,Lauraland,False
24422575-62ff-435c-8afc-7c913c6483fc,2024-06-18 14:12:40,4997.6843508725005,Bryant-Baker,East Robert,False
c7515f90-fc0c-4112-aaf8-a92e51d68560,2022-12-11 18:31:41,3651.608271799831,"Rodriguez, Erickson and Hardin",New Edward,False
1d6ff2d2-3667-4ec9-b9ce-124f8babd783,2023-08-15 22:07:50,2339.856102764385,Jones-Flores,Brownchester,True
